entity_id,entity_type,home_city,home_lat,home_lon,typical_device,typical_auth,login_start,login_end,sessions_per_day_lambda,session_duration_mean,typical_resources
user_0000,user,New York,40.7128,-74.006,Windows11-0F:2F:6F:77:0D:65,biometric,10,16,2.9762312811225993,537.1138077059286,"[""resource_007"", ""resource_009"", ""resource_015"", ""resource_016"", ""resource_018"", ""resource_044"", ""resource_048"", ""resource_056""]"
user_0001,user,New York,40.7128,-74.006,macOS14-34:2F:C2:31:B7:B0,certificate,7,18,3.893032680516953,1487.547802704496,"[""resource_018"", ""resource_022"", ""resource_028"", ""resource_045""]"
service_account_0002,service_account,Cape Town,-33.9249,18.4241,FirmwareV3-B9:62:23:17:74:94,password,0,23,6.86428441891259,1565.614708044538,"[""resource_006"", ""resource_025"", ""resource_060""]"
edge_device_0003,edge_device,Frankfurt,50.1109,8.6821,Windows10-88:24:57:7D:53:EC,biometric,0,23,8.701809671168826,617.3154793905303,"[""resource_011"", ""resource_024"", ""resource_030"", ""resource_041"", ""resource_054""]"
edge_device_0004,edge_device,Bengaluru,12.9716,77.5946,Windows11-A1:CD:89:21:6C:A1,token,0,23,7.290480719641044,1241.8106377777058,"[""resource_004"", ""resource_015"", ""resource_021"", ""resource_044"", ""resource_050"", ""resource_054"", ""resource_056""]"
user_0005,user,Dubai,25.2048,55.2708,Ubuntu22-CC:B9:70:46:FC:2E,password,10,19,3.3675345291306447,1574.9867136599987,"[""resource_009"", ""resource_010"", ""resource_016"", ""resource_017"", ""resource_036"", ""resource_048""]"
user_0006,user,Mumbai,19.076,72.8777,Windows11-88:AE:39:96:DE:50,biometric,8,15,3.2007085256412964,185.25741208480144,"[""resource_005"", ""resource_025"", ""resource_028"", ""resource_030"", ""resource_034"", ""resource_039"", ""resource_057"", ""resource_059""]"
service_account_0007,service_account,Bengaluru,12.9716,77.5946,macOS14-65:4E:BF:52:00:A5,biometric,0,23,9.09362998885737,211.55232266504834,"[""resource_007"", ""resource_012"", ""resource_033"", ""resource_049"", ""resource_059""]"
edge_device_0008,edge_device,Sydney,-33.8688,151.2093,Windows11-F8:23:40:41:F3:54,certificate,0,23,14.46949445297994,1034.8315356175715,"[""resource_004"", ""resource_016"", ""resource_037"", ""resource_057""]"
user_0009,user,Singapore,1.3521,103.8198,iOS17-E7:3D:7E:73:20:AD,password,11,20,2.5952502097862604,1133.0601239007178,"[""resource_013"", ""resource_020"", ""resource_026"", ""resource_045"", ""resource_046"", ""resource_047"", ""resource_049""]"
user_0010,user,Singapore,1.3521,103.8198,Windows11-A9:24:79:8E:F8:6D,token,6,18,1.6685008202757687,1351.8311567271728,"[""resource_005"", ""resource_041"", ""resource_046""]"
edge_device_0011,edge_device,Toronto,43.6532,-79.3832,Android14-DC:B5:D8:D2:EF:1B,password,0,23,5.943257964918822,278.19253200476214,"[""resource_013"", ""resource_016"", ""resource_027"", ""resource_031"", ""resource_051"", ""resource_052""]"
service_account_0012,service_account,London,51.5074,-0.1278,macOS14-EC:7F:26:E2:32:19,password,0,23,5.953171478840829,1749.773936801297,"[""resource_009"", ""resource_013"", ""resource_029"", ""resource_035""]"
edge_device_0013,edge_device,Singapore,1.3521,103.8198,Windows11-54:C2:01:C7:87:E8,certificate,0,23,13.646503940302155,865.2721273040639,"[""resource_014"", ""resource_027"", ""resource_031"", ""resource_032""]"
edge_device_0014,edge_device,Cape Town,-33.9249,18.4241,Windows11-A0:1D:19:F4:50:1D,password,0,23,12.357371787890434,1559.1749234574768,"[""resource_004"", ""resource_010"", ""resource_013"", ""resource_014"", ""resource_019"", ""resource_032"", ""resource_038"", ""resource_046""]"
user_0015,user,London,51.5074,-0.1278,iOS17-A1:85:68:A0:7A:87,biometric,6,16,2.5480622883396813,392.0228170464794,"[""resource_008"", ""resource_016"", ""resource_026"", ""resource_037"", ""resource_038"", ""resource_039"", ""resource_056"", ""resource_059""]"
user_0016,user,Sao Paulo,-23.5505,-46.6333,Windows10-87:43:B2:23:7D:BD,certificate,10,16,1.6831518027490824,435.5498684187158,"[""resource_001"", ""resource_005"", ""resource_030"", ""resource_049"", ""resource_060""]"
edge_device_0017,edge_device,Bengaluru,12.9716,77.5946,iOS17-99:35:44:87:3B:36,token,0,23,11.678632037125835,621.2041039500025,"[""resource_001"", ""resource_034"", ""resource_040"", ""resource_042"", ""resource_052""]"
user_0018,user,Bengaluru,12.9716,77.5946,FirmwareV3-1A:2F:D8:8D:16:01,certificate,10,22,2.127803130174735,1429.2131412917959,"[""resource_014"", ""resource_017"", ""resource_041"", ""resource_044"", ""resource_055""]"
user_0019,user,Sydney,-33.8688,151.2093,Android14-4C:12:BD:4B:DC:41,password,9,15,1.7796847014733375,679.3785268868166,"[""resource_029"", ""resource_036"", ""resource_046"", ""resource_048""]"
edge_device_0020,edge_device,New York,40.7128,-74.006,iOS17-D0:4F:79:53:5A:D3,password,0,23,8.536786346146183,470.56427473749534,"[""resource_007"", ""resource_014"", ""resource_016"", ""resource_043"", ""resource_044""]"
edge_device_0021,edge_device,Frankfurt,50.1109,8.6821,FirmwareV3-13:F0:71:66:EB:B3,certificate,0,23,6.080956264029571,1509.2689371739305,"[""resource_011"", ""resource_016"", ""resource_018"", ""resource_045"", ""resource_048"", ""resource_051"", ""resource_052"", ""resource_056""]"
edge_device_0022,edge_device,Singapore,1.3521,103.8198,FirmwareV3-23:8E:B3:CC:A9:0E,password,0,23,8.282619511977066,1600.8022267524077,"[""resource_013"", ""resource_026"", ""resource_043""]"
user_0023,user,Toronto,43.6532,-79.3832,iOS17-3B:C5:61:82:16:DF,password,11,20,2.59098470967652,1022.2709646778684,"[""resource_003"", ""resource_007"", ""resource_023"", ""resource_028"", ""resource_039""]"
edge_device_0024,edge_device,Dubai,25.2048,55.2708,iOS17-A0:3F:99:9E:D1:A7,biometric,0,23,14.207708562180402,1309.4776309949264,"[""resource_005"", ""resource_013"", ""resource_024"", ""resource_028"", ""resource_043"", ""resource_048"", ""resource_058"", ""resource_060""]"
user_0025,user,Singapore,1.3521,103.8198,FirmwareV3-00:9B:92:6B:DC:A4,biometric,10,19,2.515187921895407,895.6933472774838,"[""resource_012"", ""resource_025"", ""resource_040"", ""resource_043"", ""resource_044"", ""resource_048""]"
service_account_0026,service_account,Cape Town,-33.9249,18.4241,iOS17-AB:2F:78:9E:73:65,token,0,23,3.593568757075852,219.56912811745866,"[""resource_011"", ""resource_043"", ""resource_048"", ""resource_051"", ""resource_058"", ""resource_060""]"
user_0027,user,Sao Paulo,-23.5505,-46.6333,Windows10-4B:02:36:D9:70:5A,biometric,7,21,2.7359429225260925,261.3537839278383,"[""resource_005"", ""resource_027"", ""resource_030"", ""resource_037"", ""resource_041"", ""resource_050"", ""resource_055""]"
user_0028,user,London,51.5074,-0.1278,Ubuntu22-DA:E4:51:F3:E6:84,token,10,20,3.8750990211078897,1540.5778783039116,"[""resource_009"", ""resource_030"", ""resource_034"", ""resource_036"", ""resource_043"", ""resource_052""]"
user_0029,user,Cape Town,-33.9249,18.4241,macOS14-29:46:4D:76:C4:4E,token,8,18,2.1792877677054614,284.05073815648245,"[""resource_005"", ""resource_016"", ""resource_018"", ""resource_029"", ""resource_041"", ""resource_046""]"
user_0030,user,Cape Town,-33.9249,18.4241,FirmwareV3-C2:F4:03:B4:98:C7,biometric,10,15,3.641830080759836,1051.917319528575,"[""resource_004"", ""resource_014"", ""resource_025"", ""resource_027"", ""resource_054"", ""resource_060""]"
service_account_0031,service_account,Toronto,43.6532,-79.3832,Ubuntu22-AC:CF:54:EF:41:0D,biometric,0,23,6.399493956589502,1138.8662965172157,"[""resource_015"", ""resource_018"", ""resource_028"", ""resource_032""]"
service_account_0032,service_account,London,51.5074,-0.1278,Ubuntu22-A7:AC:C2:8E:D7:81,password,0,23,5.29146866859214,941.897074665136,"[""resource_004"", ""resource_009"", ""resource_012"", ""resource_017"", ""resource_025"", ""resource_028"", ""resource_030"", ""resource_056""]"
service_account_0033,service_account,New York,40.7128,-74.006,Windows10-66:0A:4E:7A:40:F2,password,0,23,8.279632428416683,1093.6307227266311,"[""resource_003"", ""resource_005"", ""resource_015"", ""resource_042"", ""resource_050""]"
user_0034,user,Bengaluru,12.9716,77.5946,Windows10-9F:37:0D:9F:C0:CB,token,11,16,3.4444797154385816,303.11429410575715,"[""resource_011"", ""resource_024"", ""resource_039"", ""resource_048"", ""resource_050""]"
service_account_0035,service_account,Dubai,25.2048,55.2708,iOS17-3D:15:B1:DB:BD:23,certificate,0,23,8.952052673621573,200.496483268682,"[""resource_007"", ""resource_020"", ""resource_045"", ""resource_050""]"
user_0036,user,Sao Paulo,-23.5505,-46.6333,Android14-8A:F7:EE:DF:89:A5,token,9,17,2.588717862519193,1525.7842506027775,"[""resource_024"", ""resource_028"", ""resource_041""]"
user_0037,user,Sao Paulo,-23.5505,-46.6333,Ubuntu22-A6:5D:F9:6C:B5:84,certificate,11,21,2.340991549728438,633.0467506208893,"[""resource_030"", ""resource_037"", ""resource_040"", ""resource_049""]"
user_0038,user,Sydney,-33.8688,151.2093,Android14-FB:E5:08:2F:96:71,biometric,9,18,3.2265233486163076,1300.695191578227,"[""resource_001"", ""resource_006"", ""resource_013"", ""resource_016"", ""resource_027"", ""resource_034"", ""resource_047""]"
user_0039,user,Toronto,43.6532,-79.3832,Ubuntu22-8A:9C:80:76:3D:62,certificate,11,20,2.3795263190354206,373.6786808331856,"[""resource_023"", ""resource_028"", ""resource_031"", ""resource_034"", ""resource_036""]"
user_0040,user,Bengaluru,12.9716,77.5946,FirmwareV3-63:97:74:B8:5B:9A,password,8,19,3.9512765761562827,1326.9899468518706,"[""resource_013"", ""resource_014"", ""resource_031"", ""resource_048""]"
user_0041,user,New York,40.7128,-74.006,Windows11-91:F0:F5:E1:AE:5E,password,7,22,1.7564691169694018,589.0149925986157,"[""resource_019"", ""resource_036"", ""resource_045""]"
edge_device_0042,edge_device,London,51.5074,-0.1278,Android14-1B:4D:4C:9B:2B:7F,password,0,23,10.77021156470818,1084.0783160805581,"[""resource_005"", ""resource_026"", ""resource_032""]"
user_0043,user,Toronto,43.6532,-79.3832,iOS17-1E:32:6A:6C:87:29,token,10,21,2.263450610798401,568.5815878330017,"[""resource_015"", ""resource_020"", ""resource_025"", ""resource_029"", ""resource_034"", ""resource_050"", ""resource_056""]"
user_0044,user,Mumbai,19.076,72.8777,Windows10-93:90:E8:24:77:87,token,10,22,2.228148222577569,868.7251250888229,"[""resource_027"", ""resource_029"", ""resource_045""]"
user_0045,user,Dubai,25.2048,55.2708,macOS14-93:E0:3F:EF:9B:CE,certificate,6,15,1.9148069730518116,990.7649269310394,"[""resource_010"", ""resource_018"", ""resource_053"", ""resource_059""]"
user_0046,user,London,51.5074,-0.1278,Android14-0A:89:14:59:F0:E2,certificate,6,16,2.0723110393045676,474.01241850146397,"[""resource_003"", ""resource_017"", ""resource_021"", ""resource_028"", ""resource_039"", ""resource_048"", ""resource_057""]"
user_0047,user,Dubai,25.2048,55.2708,macOS14-D2:FD:93:CD:12:E8,password,11,16,3.6443327360008815,689.5177946156721,"[""resource_006"", ""resource_021"", ""resource_022"", ""resource_023"", ""resource_027"", ""resource_031""]"
user_0048,user,Frankfurt,50.1109,8.6821,iOS17-FF:E2:1A:68:88:43,certificate,6,18,2.796098481151822,889.7480740172527,"[""resource_001"", ""resource_027"", ""resource_030"", ""resource_035"", ""resource_043"", ""resource_053"", ""resource_056""]"
service_account_0049,service_account,London,51.5074,-0.1278,Windows10-9F:07:D0:2F:73:3A,biometric,0,23,4.6750822362935525,1714.2384026221569,"[""resource_039"", ""resource_041"", ""resource_052""]"
user_0050,user,Mumbai,19.076,72.8777,Windows10-E9:4A:C4:61:45:23,certificate,9,22,3.9506115815084386,1431.7337149367481,"[""resource_018"", ""resource_019"", ""resource_033"", ""resource_046"", ""resource_059"", ""resource_060""]"
edge_device_0051,edge_device,Tokyo,35.6762,139.6503,Android14-FA:4C:E4:F7:B0:AA,biometric,0,23,10.869377224141612,917.6582793237318,"[""resource_001"", ""resource_018"", ""resource_019"", ""resource_020"", ""resource_047"", ""resource_053"", ""resource_054""]"
user_0052,user,Singapore,1.3521,103.8198,FirmwareV3-C3:C5:4D:FD:12:40,certificate,8,22,3.2630697025625066,1588.914507646789,"[""resource_003"", ""resource_015"", ""resource_016"", ""resource_025"", ""resource_027"", ""resource_037"", ""resource_050"", ""resource_055""]"
edge_device_0053,edge_device,Sao Paulo,-23.5505,-46.6333,Windows10-D1:4F:26:F0:87:AD,biometric,0,23,5.153475979152606,1232.7353771784217,"[""resource_030"", ""resource_034"", ""resource_059""]"
edge_device_0054,edge_device,Dubai,25.2048,55.2708,Windows11-78:93:74:2E:DE:32,password,0,23,5.358990998376866,898.7592536919634,"[""resource_021"", ""resource_025"", ""resource_032"", ""resource_035"", ""resource_041"", ""resource_046"", ""resource_049""]"
service_account_0055,service_account,New York,40.7128,-74.006,macOS14-DC:4A:7D:D2:5C:57,token,0,23,5.053574431756461,307.9287280691913,"[""resource_004"", ""resource_021"", ""resource_051""]"
edge_device_0056,edge_device,Toronto,43.6532,-79.3832,Android14-04:EE:93:50:25:E2,certificate,0,23,9.59570499176731,1779.9957462539237,"[""resource_010"", ""resource_015"", ""resource_016"", ""resource_017"", ""resource_030"", ""resource_032"", ""resource_038"", ""resource_041""]"
user_0057,user,Frankfurt,50.1109,8.6821,iOS17-97:97:0B:CA:8C:04,password,7,21,2.929806730876847,1655.1994650243112,"[""resource_007"", ""resource_013"", ""resource_017"", ""resource_020"", ""resource_025"", ""resource_030"", ""resource_031"", ""resource_055""]"
service_account_0058,service_account,Sydney,-33.8688,151.2093,iOS17-80:46:31:14:9E:E1,password,0,23,7.456325146041243,1118.9095646968126,"[""resource_015"", ""resource_023"", ""resource_039"", ""resource_052""]"
service_account_0059,service_account,London,51.5074,-0.1278,iOS17-BB:8B:54:83:F6:97,certificate,0,23,3.925118584227485,1482.8567125393072,"[""resource_012"", ""resource_013"", ""resource_021"", ""resource_027"", ""resource_048""]"
user_0060,user,London,51.5074,-0.1278,FirmwareV3-BB:2E:CA:07:87:3F,biometric,11,21,3.9181743682500807,777.1087669579831,"[""resource_015"", ""resource_044"", ""resource_049"", ""resource_056""]"
service_account_0061,service_account,Sydney,-33.8688,151.2093,iOS17-A7:71:20:ED:9A:D1,password,0,23,6.30033807587007,406.4387602616981,"[""resource_007"", ""resource_015"", ""resource_024"", ""resource_025"", ""resource_041"", ""resource_044"", ""resource_053""]"
edge_device_0062,edge_device,Sydney,-33.8688,151.2093,macOS14-D6:4F:D4:32:FA:D0,certificate,0,23,8.886458311501425,233.00038470517597,"[""resource_007"", ""resource_008"", ""resource_009"", ""resource_016"", ""resource_035"", ""resource_057""]"
user_0063,user,Sao Paulo,-23.5505,-46.6333,macOS14-61:3E:E8:2E:6C:0A,password,10,20,1.651375222916522,1454.6072365364791,"[""resource_007"", ""resource_016"", ""resource_024"", ""resource_044"", ""resource_055"", ""resource_058""]"
user_0064,user,Mumbai,19.076,72.8777,Windows10-01:8D:4A:42:80:59,password,7,18,2.321398883580576,1250.9133810076532,"[""resource_005"", ""resource_014"", ""resource_036"", ""resource_038"", ""resource_049"", ""resource_054"", ""resource_060""]"
user_0065,user,New York,40.7128,-74.006,Android14-D7:3A:20:F3:E5:B9,password,7,19,1.6309975446529412,912.2487802521786,"[""resource_002"", ""resource_016"", ""resource_021"", ""resource_038"", ""resource_051""]"
user_0066,user,Toronto,43.6532,-79.3832,Windows11-1F:F5:CD:DA:37:FB,biometric,11,19,2.645106305244205,299.0549595416498,"[""resource_047"", ""resource_051"", ""resource_059""]"
user_0067,user,Toronto,43.6532,-79.3832,iOS17-96:E8:DC:32:3A:6E,biometric,11,20,2.452260997046302,911.5189638637561,"[""resource_005"", ""resource_009"", ""resource_018"", ""resource_040""]"
user_0068,user,Tokyo,35.6762,139.6503,Windows10-F2:22:2E:2B:2F:DD,password,8,19,2.435752558588842,1386.234130090844,"[""resource_007"", ""resource_021"", ""resource_026"", ""resource_027"", ""resource_028"", ""resource_047""]"
user_0069,user,Mumbai,19.076,72.8777,FirmwareV3-D8:1A:93:9F:B4:35,token,9,20,3.6840184305857964,430.6628848903835,"[""resource_004"", ""resource_008"", ""resource_022"", ""resource_036"", ""resource_038"", ""resource_043"", ""resource_058""]"
user_0070,user,London,51.5074,-0.1278,FirmwareV3-0D:88:0E:5C:8B:9E,certificate,8,18,3.518053427880861,748.6579415939104,"[""resource_008"", ""resource_024"", ""resource_036"", ""resource_049"", ""resource_055""]"
user_0071,user,Mumbai,19.076,72.8777,Ubuntu22-AE:50:BD:9F:A6:2B,password,6,18,2.4404860142587212,432.03944351527116,"[""resource_002"", ""resource_005"", ""resource_010"", ""resource_026"", ""resource_041"", ""resource_043"", ""resource_048""]"
service_account_0072,service_account,New York,40.7128,-74.006,Windows10-3A:B0:DC:38:91:F9,certificate,0,23,5.899286165179072,253.5761274191726,"[""resource_006"", ""resource_018"", ""resource_028"", ""resource_029"", ""resource_032"", ""resource_039"", ""resource_043"", ""resource_058""]"
user_0073,user,Toronto,43.6532,-79.3832,macOS14-A7:3D:03:FE:DC:59,token,7,17,3.410402239403119,795.9360620586828,"[""resource_001"", ""resource_014"", ""resource_020""]"
service_account_0074,service_account,Cape Town,-33.9249,18.4241,Windows11-EB:27:A0:DB:CF:D5,certificate,0,23,3.2961158309395397,366.58086371535313,"[""resource_005"", ""resource_023"", ""resource_026"", ""resource_043"", ""resource_048"", ""resource_052"", ""resource_054""]"
user_0075,user,Tokyo,35.6762,139.6503,FirmwareV3-36:7C:DF:CD:28:CA,certificate,11,20,1.7203247032447118,1388.2038188726567,"[""resource_030"", ""resource_040"", ""resource_052"", ""resource_054""]"
user_0076,user,Mumbai,19.076,72.8777,macOS14-B3:4B:78:34:4A:83,token,10,18,3.764806828950126,461.0684163561936,"[""resource_008"", ""resource_033"", ""resource_041""]"
user_0077,user,Dubai,25.2048,55.2708,FirmwareV3-E5:A5:A1:4D:E1:22,biometric,9,22,3.3861145631174647,896.3770634147814,"[""resource_012"", ""resource_041"", ""resource_050""]"
user_0078,user,Sydney,-33.8688,151.2093,macOS14-27:2E:C4:EC:15:E6,token,6,15,2.421843998724532,700.873355866294,"[""resource_004"", ""resource_005"", ""resource_020"", ""resource_023"", ""resource_029"", ""resource_030"", ""resource_033""]"
user_0079,user,Mumbai,19.076,72.8777,Windows10-14:7E:E0:E0:51:BA,certificate,8,16,2.7613725037523933,1667.057598369476,"[""resource_007"", ""resource_029"", ""resource_052""]"
user_0080,user,Tokyo,35.6762,139.6503,Android14-4C:AA:29:48:B3:9E,biometric,6,21,2.2103674346952844,388.9016863999275,"[""resource_004"", ""resource_005"", ""resource_022"", ""resource_039"", ""resource_041"", ""resource_042"", ""resource_051"", ""resource_055""]"
service_account_0081,service_account,London,51.5074,-0.1278,Android14-2F:D8:B9:09:B9:9E,token,0,23,8.692293486703607,1720.8942880257375,"[""resource_022"", ""resource_025"", ""resource_036"", ""resource_042"", ""resource_051""]"
user_0082,user,Sao Paulo,-23.5505,-46.6333,iOS17-13:AC:43:C0:4E:53,token,8,16,2.7692242818116157,1526.7789918363833,"[""resource_005"", ""resource_009"", ""resource_010"", ""resource_015""]"
service_account_0083,service_account,Mumbai,19.076,72.8777,FirmwareV3-E5:77:7A:9E:F0:63,certificate,0,23,7.27416795488071,1278.8570566054498,"[""resource_003"", ""resource_016"", ""resource_024"", ""resource_027"", ""resource_029"", ""resource_044"", ""resource_047"", ""resource_060""]"
user_0084,user,Sao Paulo,-23.5505,-46.6333,FirmwareV3-46:80:1A:F6:BE:34,password,9,17,3.5422280989531,641.802082776112,"[""resource_019"", ""resource_025"", ""resource_033"", ""resource_034"", ""resource_050"", ""resource_060""]"
service_account_0085,service_account,Sydney,-33.8688,151.2093,Windows10-E6:B2:0D:D4:1B:CA,certificate,0,23,9.624892841082325,561.9604796587608,"[""resource_006"", ""resource_010"", ""resource_028"", ""resource_033"", ""resource_054"", ""resource_058""]"
edge_device_0086,edge_device,Tokyo,35.6762,139.6503,Android14-AB:4A:46:13:92:F1,token,0,23,13.391762876116056,1409.3226707202837,"[""resource_002"", ""resource_007"", ""resource_021"", ""resource_060""]"
user_0087,user,Toronto,43.6532,-79.3832,iOS17-D8:38:93:79:9A:3E,password,8,18,3.5874077482059525,566.2719956049127,"[""resource_002"", ""resource_006"", ""resource_058""]"
user_0088,user,Toronto,43.6532,-79.3832,macOS14-DB:00:B4:7B:D5:5F,password,6,18,3.2963608194808818,1028.0449834387023,"[""resource_005"", ""resource_008"", ""resource_032"", ""resource_035"", ""resource_039"", ""resource_054""]"
user_0089,user,Cape Town,-33.9249,18.4241,macOS14-08:B6:22:B0:7B:35,certificate,6,21,3.952598556378901,396.1235355721697,"[""resource_002"", ""resource_025"", ""resource_031"", ""resource_033"", ""resource_036"", ""resource_051"", ""resource_060""]"
user_0090,user,Tokyo,35.6762,139.6503,FirmwareV3-EA:12:96:67:16:66,password,7,17,1.6577513425805614,691.2652284805549,"[""resource_012"", ""resource_030"", ""resource_031"", ""resource_041"", ""resource_044"", ""resource_045"", ""resource_050"", ""resource_054""]"
user_0091,user,Frankfurt,50.1109,8.6821,macOS14-8B:3F:BC:DF:CC:E1,biometric,8,15,3.664495692695144,729.2393380212202,"[""resource_003"", ""resource_013"", ""resource_017"", ""resource_019"", ""resource_031"", ""resource_042"", ""resource_049""]"
user_0092,user,Bengaluru,12.9716,77.5946,iOS17-5C:96:A4:34:28:A7,certificate,11,21,1.6973175151386697,676.523286867019,"[""resource_006"", ""resource_018"", ""resource_024"", ""resource_034"", ""resource_052"", ""resource_059""]"
user_0093,user,Frankfurt,50.1109,8.6821,Ubuntu22-8C:1D:26:CF:BA:51,password,11,20,3.0371287054969107,411.3027387473306,"[""resource_003"", ""resource_023"", ""resource_029"", ""resource_045""]"
user_0094,user,Sao Paulo,-23.5505,-46.6333,iOS17-10:4E:E6:BD:BE:E3,password,11,20,2.405376456358552,1109.753280900911,"[""resource_005"", ""resource_009"", ""resource_016""]"
user_0095,user,Frankfurt,50.1109,8.6821,Ubuntu22-3C:86:85:E4:6D:92,biometric,11,17,2.7476099006411667,504.2889124056147,"[""resource_002"", ""resource_008"", ""resource_016"", ""resource_018"", ""resource_042""]"
user_0096,user,London,51.5074,-0.1278,Android14-21:94:99:50:59:B9,token,11,20,3.1695994762224196,376.6071772271001,"[""resource_006"", ""resource_012"", ""resource_029"", ""resource_046"", ""resource_052"", ""resource_058""]"
user_0097,user,Mumbai,19.076,72.8777,iOS17-42:2C:21:9E:CB:F5,biometric,10,20,2.668514598229187,1426.0465716070107,"[""resource_002"", ""resource_024"", ""resource_032"", ""resource_051""]"
edge_device_0098,edge_device,London,51.5074,-0.1278,iOS17-B0:41:5D:42:DD:1C,password,0,23,9.658331996210588,1019.3254553369064,"[""resource_005"", ""resource_021"", ""resource_029"", ""resource_042""]"
user_0099,user,Mumbai,19.076,72.8777,Android14-8C:40:9B:2F:56:4E,token,8,16,2.1265132724549978,1247.1472548816819,"[""resource_015"", ""resource_023"", ""resource_034"", ""resource_046"", ""resource_060""]"
service_account_0100,service_account,Toronto,43.6532,-79.3832,Windows11-17:87:6B:D5:0F:FE,certificate,0,23,9.046468341340232,1219.8898086679972,"[""resource_003"", ""resource_037"", ""resource_053"", ""resource_054"", ""resource_060""]"
user_0101,user,Singapore,1.3521,103.8198,macOS14-49:A0:A3:B0:CC:42,certificate,9,22,2.6611053944383376,1014.2678172131998,"[""resource_004"", ""resource_005"", ""resource_011"", ""resource_020"", ""resource_026"", ""resource_029"", ""resource_030"", ""resource_045""]"
user_0102,user,Singapore,1.3521,103.8198,FirmwareV3-D6:7F:51:A7:A0:61,token,6,19,3.863462231758047,987.1901781370523,"[""resource_007"", ""resource_008"", ""resource_010"", ""resource_016"", ""resource_018"", ""resource_029""]"
user_0103,user,Sao Paulo,-23.5505,-46.6333,macOS14-18:19:90:FD:F0:92,password,9,18,2.0378610563156028,1552.4192319374179,"[""resource_002"", ""resource_006"", ""resource_026"", ""resource_032"", ""resource_033""]"
user_0104,user,Sydney,-33.8688,151.2093,macOS14-25:C5:E6:8F:3C:41,password,10,18,2.406309439860711,818.1240146203436,"[""resource_003"", ""resource_004"", ""resource_024"", ""resource_026"", ""resource_037"", ""resource_049"", ""resource_058"", ""resource_060""]"
service_account_0105,service_account,Tokyo,35.6762,139.6503,Windows11-13:46:AA:F2:E9:4C,token,0,23,6.500545324994507,711.3046731711726,"[""resource_010"", ""resource_013"", ""resource_024"", ""resource_026"", ""resource_033"", ""resource_039"", ""resource_049""]"
user_0106,user,Mumbai,19.076,72.8777,macOS14-F3:08:BC:A9:38:D5,certificate,10,22,3.2718495160885945,1470.7427985668382,"[""resource_020"", ""resource_022"", ""resource_038"", ""resource_040"", ""resource_048"", ""resource_054""]"
service_account_0107,service_account,Bengaluru,12.9716,77.5946,Android14-1A:F5:57:C2:4B:7C,password,0,23,7.04344077104928,1107.563839674684,"[""resource_002"", ""resource_017"", ""resource_031"", ""resource_038"", ""resource_039"", ""resource_042"", ""resource_050"", ""resource_051""]"
service_account_0108,service_account,Singapore,1.3521,103.8198,Android14-68:D2:F1:1F:46:6A,certificate,0,23,4.0600188068354175,1796.959046816881,"[""resource_021"", ""resource_027"", ""resource_029""]"
user_0109,user,Frankfurt,50.1109,8.6821,FirmwareV3-87:F7:62:7E:8E:98,token,10,20,3.18967144139092,1705.2065850504875,"[""resource_012"", ""resource_022"", ""resource_030"", ""resource_035"", ""resource_059""]"
edge_device_0110,edge_device,Sydney,-33.8688,151.2093,FirmwareV3-8C:93:3E:C2:CA:B0,token,0,23,14.337003747708007,650.5332962285556,"[""resource_014"", ""resource_021"", ""resource_023"", ""resource_031"", ""resource_032"", ""resource_036"", ""resource_045"", ""resource_046""]"
user_0111,user,Bengaluru,12.9716,77.5946,Windows10-67:8A:8B:46:37:7A,token,11,19,3.368346249295012,262.2399965310917,"[""resource_023"", ""resource_029"", ""resource_060""]"
edge_device_0112,edge_device,Singapore,1.3521,103.8198,Windows10-02:50:D0:F3:F4:66,certificate,0,23,11.811919865814302,700.29167743305,"[""resource_004"", ""resource_007"", ""resource_015"", ""resource_022"", ""resource_027"", ""resource_031"", ""resource_046"", ""resource_058""]"
user_0113,user,London,51.5074,-0.1278,Windows11-CB:FD:5F:94:13:04,certificate,9,17,3.8348065264455005,1100.0982272364827,"[""resource_003"", ""resource_012"", ""resource_015"", ""resource_035"", ""resource_037"", ""resource_047"", ""resource_048"", ""resource_055""]"
user_0114,user,Tokyo,35.6762,139.6503,FirmwareV3-39:A9:53:EA:83:5F,password,7,22,2.1820927037449813,1373.3209906974564,"[""resource_030"", ""resource_032"", ""resource_034"", ""resource_035"", ""resource_042""]"
service_account_0115,service_account,Toronto,43.6532,-79.3832,macOS14-2C:CD:30:5E:47:F4,certificate,0,23,5.993922752193843,1696.0371269422492,"[""resource_012"", ""resource_013"", ""resource_026"", ""resource_040"", ""resource_041"", ""resource_049"", ""resource_053"", ""resource_055""]"
user_0116,user,Frankfurt,50.1109,8.6821,macOS14-78:1F:3C:EE:9D:51,biometric,8,15,2.153882877038482,1291.439264223599,"[""resource_018"", ""resource_022"", ""resource_029"", ""resource_049""]"
edge_device_0117,edge_device,Bengaluru,12.9716,77.5946,Windows10-70:44:F4:4E:E8:BF,biometric,0,23,8.675439031021703,1317.14397750616,"[""resource_008"", ""resource_019"", ""resource_041"", ""resource_045"", ""resource_059""]"
edge_device_0118,edge_device,Cape Town,-33.9249,18.4241,Ubuntu22-B9:27:39:1F:67:4C,token,0,23,5.818703064732748,711.5505731423744,"[""resource_014"", ""resource_016"", ""resource_039"", ""resource_044"", ""resource_049"", ""resource_051"", ""resource_053"", ""resource_058""]"
user_0119,user,London,51.5074,-0.1278,Ubuntu22-E9:1D:EC:9D:0B:CA,certificate,6,22,1.8298608495527475,1502.6542260116714,"[""resource_006"", ""resource_014"", ""resource_029"", ""resource_032"", ""resource_033"", ""resource_038"", ""resource_046"", ""resource_052""]"
service_account_0120,service_account,Toronto,43.6532,-79.3832,iOS17-1E:23:F1:10:92:D1,token,0,23,7.902694146680231,1425.734741385242,"[""resource_003"", ""resource_023"", ""resource_028""]"
service_account_0121,service_account,Bengaluru,12.9716,77.5946,Android14-44:B2:3C:5B:C9:41,token,0,23,7.77911247871079,1532.411010903319,"[""resource_006"", ""resource_024"", ""resource_025"", ""resource_027"", ""resource_029"", ""resource_055"", ""resource_057"", ""resource_058""]"
service_account_0122,service_account,Sydney,-33.8688,151.2093,Windows10-EB:B1:4F:8D:60:39,password,0,23,8.76352306163049,1491.354657333495,"[""resource_025"", ""resource_028"", ""resource_035"", ""resource_044"", ""resource_047"", ""resource_058""]"
user_0123,user,New York,40.7128,-74.006,Android14-18:7D:16:CD:E0:77,token,6,22,2.9944622418288818,1402.1048481706007,"[""resource_005"", ""resource_007"", ""resource_014"", ""resource_039""]"
service_account_0124,service_account,Mumbai,19.076,72.8777,Android14-A4:79:9A:49:71:D3,certificate,0,23,7.185423719940837,625.7493512239407,"[""resource_015"", ""resource_019"", ""resource_021"", ""resource_037"", ""resource_047"", ""resource_053"", ""resource_056""]"
user_0125,user,Toronto,43.6532,-79.3832,macOS14-D5:D1:4C:99:C0:5E,biometric,8,21,3.464511489951295,570.36846619794,"[""resource_004"", ""resource_012"", ""resource_028"", ""resource_032"", ""resource_036"", ""resource_041"", ""resource_044"", ""resource_059""]"
user_0126,user,Bengaluru,12.9716,77.5946,iOS17-44:C6:7C:82:68:A9,password,10,21,3.919465471366567,1674.0062893081802,"[""resource_004"", ""resource_030"", ""resource_052"", ""resource_059""]"
edge_device_0127,edge_device,London,51.5074,-0.1278,Windows11-25:60:6F:F5:6A:AA,certificate,0,23,11.049694463828358,1730.3720120532105,"[""resource_004"", ""resource_013"", ""resource_018"", ""resource_025"", ""resource_044"", ""resource_047"", ""resource_054""]"
user_0128,user,Singapore,1.3521,103.8198,iOS17-A4:90:C2:EE:B7:9D,certificate,7,21,3.7878161489838913,762.6242811289637,"[""resource_008"", ""resource_016"", ""resource_031"", ""resource_039"", ""resource_045"", ""resource_046"", ""resource_048"", ""resource_049""]"
edge_device_0129,edge_device,Sao Paulo,-23.5505,-46.6333,macOS14-68:BD:A0:D3:17:71,token,0,23,12.616289693097112,206.27623962204197,"[""resource_031"", ""resource_047"", ""resource_052""]"
user_0130,user,Toronto,43.6532,-79.3832,Android14-AC:83:FA:FB:EB:56,certificate,9,18,2.748253705923306,454.2104515934944,"[""resource_010"", ""resource_013"", ""resource_015"", ""resource_019"", ""resource_022"", ""resource_027"", ""resource_047""]"
service_account_0131,service_account,Sao Paulo,-23.5505,-46.6333,iOS17-11:26:18:03:D3:46,token,0,23,9.700658257388504,290.1080654979847,"[""resource_035"", ""resource_042"", ""resource_057"", ""resource_059""]"
user_0132,user,Singapore,1.3521,103.8198,iOS17-D2:06:08:8C:92:08,biometric,9,22,1.5393294171730494,1485.9916722948349,"[""resource_004"", ""resource_024"", ""resource_030"", ""resource_040"", ""resource_041"", ""resource_043"", ""resource_057""]"
edge_device_0133,edge_device,London,51.5074,-0.1278,iOS17-81:B5:88:CB:28:BF,biometric,0,23,6.919320569916132,923.5763477929199,"[""resource_010"", ""resource_016"", ""resource_034""]"
user_0134,user,Bengaluru,12.9716,77.5946,Ubuntu22-C1:F3:1C:04:57:2A,biometric,6,15,1.7337512635677736,1549.4342671553316,"[""resource_020"", ""resource_044"", ""resource_053"", ""resource_055""]"
user_0135,user,Tokyo,35.6762,139.6503,Windows11-8F:10:5B:A1:08:6A,token,11,22,2.177737631771005,1398.6522411519213,"[""resource_003"", ""resource_007"", ""resource_014"", ""resource_015"", ""resource_034"", ""resource_055"", ""resource_058""]"
service_account_0136,service_account,Frankfurt,50.1109,8.6821,FirmwareV3-C7:A9:C4:47:28:B1,password,0,23,4.683305360130007,338.25097552003683,"[""resource_011"", ""resource_020"", ""resource_037""]"
user_0137,user,London,51.5074,-0.1278,Ubuntu22-FB:74:B6:C0:DD:5F,biometric,6,19,3.4588703474511555,318.8244705715119,"[""resource_021"", ""resource_026"", ""resource_039"", ""resource_040"", ""resource_050""]"
user_0138,user,Singapore,1.3521,103.8198,Windows11-2E:02:9D:E3:B8:8A,password,7,21,2.2916955717038405,394.66134728060297,"[""resource_005"", ""resource_006"", ""resource_010"", ""resource_018"", ""resource_025"", ""resource_041"", ""resource_046"", ""resource_051""]"
user_0139,user,Sao Paulo,-23.5505,-46.6333,FirmwareV3-A6:C5:06:95:D3:C6,password,10,16,2.992311388217728,1354.247027336362,"[""resource_002"", ""resource_006"", ""resource_007"", ""resource_023"", ""resource_027"", ""resource_033"", ""resource_036""]"
user_0140,user,Singapore,1.3521,103.8198,Windows11-55:DE:8D:D7:99:F7,password,8,19,2.7328098555269618,765.0223579090355,"[""resource_009"", ""resource_011"", ""resource_018"", ""resource_025"", ""resource_034"", ""resource_044"", ""resource_059""]"
edge_device_0141,edge_device,Bengaluru,12.9716,77.5946,Ubuntu22-AA:C2:A8:E1:AB:DC,token,0,23,5.067673694254715,666.7051611801799,"[""resource_007"", ""resource_009"", ""resource_013"", ""resource_020"", ""resource_030"", ""resource_032"", ""resource_039"", ""resource_040""]"
user_0142,user,Bengaluru,12.9716,77.5946,Android14-FB:7C:A6:C0:8F:C9,certificate,8,19,3.337185913602966,364.49827425143695,"[""resource_012"", ""resource_021"", ""resource_026"", ""resource_031""]"
user_0143,user,Toronto,43.6532,-79.3832,macOS14-23:D1:FF:47:9B:7B,certificate,11,18,2.5961373857722716,1247.0340090223553,"[""resource_002"", ""resource_012"", ""resource_030"", ""resource_036"", ""resource_044"", ""resource_047"", ""resource_050""]"
service_account_0144,service_account,Frankfurt,50.1109,8.6821,iOS17-D6:12:B8:2B:37:7F,certificate,0,23,7.075708134514358,449.46835911378065,"[""resource_029"", ""resource_031"", ""resource_039""]"
user_0145,user,Toronto,43.6532,-79.3832,iOS17-71:E4:BF:C8:ED:4D,certificate,6,16,2.1468459260091386,1796.2784151717385,"[""resource_007"", ""resource_022"", ""resource_026"", ""resource_028"", ""resource_042"", ""resource_044"", ""resource_049"", ""resource_051""]"
user_0146,user,Sydney,-33.8688,151.2093,FirmwareV3-69:F7:B2:F3:31:E0,biometric,8,19,2.357666702109065,696.6333482326747,"[""resource_006"", ""resource_008"", ""resource_010"", ""resource_047"", ""resource_054"", ""resource_059""]"
user_0147,user,Bengaluru,12.9716,77.5946,Windows10-7C:59:51:A9:DA:EC,token,11,16,3.19284833222721,1472.3643770529095,"[""resource_002"", ""resource_022"", ""resource_055""]"
user_0148,user,Mumbai,19.076,72.8777,Android14-6D:69:8E:20:34:5F,certificate,10,21,2.4720894508892677,708.095556790086,"[""resource_002"", ""resource_013"", ""resource_026"", ""resource_028"", ""resource_029"", ""resource_040"", ""resource_043"", ""resource_048""]"
user_0149,user,Sydney,-33.8688,151.2093,FirmwareV3-EA:58:98:2B:44:A0,password,9,16,2.369811593591886,566.4878168308408,"[""resource_021"", ""resource_025"", ""resource_032"", ""resource_034"", ""resource_039"", ""resource_040"", ""resource_041"", ""resource_056""]"
user_0150,user,Tokyo,35.6762,139.6503,iOS17-58:55:FA:93:47:5F,certificate,9,17,2.716675539230958,1544.0160469012078,"[""resource_009"", ""resource_010"", ""resource_025"", ""resource_027"", ""resource_033"", ""resource_037"", ""resource_039"", ""resource_058""]"
user_0151,user,Tokyo,35.6762,139.6503,Ubuntu22-D4:E3:FA:55:2A:0F,token,9,22,2.522835870919687,653.1856534851047,"[""resource_009"", ""resource_013"", ""resource_032""]"
user_0152,user,Cape Town,-33.9249,18.4241,macOS14-BB:15:E1:6F:D9:34,token,9,16,2.9317851348632322,662.2884748666877,"[""resource_011"", ""resource_030"", ""resource_037"", ""resource_048"", ""resource_050""]"
edge_device_0153,edge_device,Sao Paulo,-23.5505,-46.6333,Windows11-79:6B:B3:DB:54:47,token,0,23,13.652904703762955,1497.9183821026027,"[""resource_006"", ""resource_023"", ""resource_029"", ""resource_053"", ""resource_056""]"
edge_device_0154,edge_device,Toronto,43.6532,-79.3832,macOS14-94:88:30:45:D2:1E,certificate,0,23,14.790001564029884,1584.617096502721,"[""resource_011"", ""resource_018"", ""resource_021"", ""resource_035"", ""resource_039""]"
user_0155,user,Mumbai,19.076,72.8777,iOS17-89:D4:C0:E7:26:2F,biometric,7,21,2.7236468147890944,1015.2938247820724,"[""resource_010"", ""resource_021"", ""resource_046"", ""resource_054""]"
user_0156,user,Tokyo,35.6762,139.6503,Ubuntu22-B7:20:CB:6F:DB:6C,biometric,11,16,3.3273298437176324,615.0296780693645,"[""resource_001"", ""resource_021"", ""resource_032"", ""resource_038"", ""resource_050"", ""resource_056""]"
edge_device_0157,edge_device,Tokyo,35.6762,139.6503,FirmwareV3-18:17:32:EB:08:3F,token,0,23,13.941546580385559,894.8832371798111,"[""resource_009"", ""resource_022"", ""resource_032"", ""resource_037"", ""resource_051"", ""resource_055"", ""resource_060""]"
user_0158,user,Frankfurt,50.1109,8.6821,macOS14-2F:B8:80:2A:BE:54,password,11,19,1.8974436572645486,822.0733384302179,"[""resource_009"", ""resource_045"", ""resource_057"", ""resource_059""]"
user_0159,user,Bengaluru,12.9716,77.5946,Windows11-43:73:E3:04:04:AF,password,6,15,2.0335529423655325,1780.8109533321206,"[""resource_006"", ""resource_028"", ""resource_042"", ""resource_046""]"
user_0160,user,Mumbai,19.076,72.8777,macOS14-46:C3:44:49:23:04,token,6,16,2.2833786936022653,892.96106166336,"[""resource_005"", ""resource_006"", ""resource_015"", ""resource_025"", ""resource_047"", ""resource_052""]"
service_account_0161,service_account,Dubai,25.2048,55.2708,Windows10-3F:C4:B3:DB:A1:47,token,0,23,9.276150619262872,628.6876042506494,"[""resource_006"", ""resource_010"", ""resource_014"", ""resource_027"", ""resource_029"", ""resource_040"", ""resource_044"", ""resource_059""]"
user_0162,user,Cape Town,-33.9249,18.4241,iOS17-60:C8:97:1B:7A:FD,biometric,11,19,2.013614295381105,362.64473341816984,"[""resource_002"", ""resource_019"", ""resource_039"", ""resource_045"", ""resource_047"", ""resource_050"", ""resource_060""]"
user_0163,user,Toronto,43.6532,-79.3832,FirmwareV3-D7:BB:58:F1:25:08,password,8,20,1.8299572018317551,202.345349674971,"[""resource_001"", ""resource_034"", ""resource_057""]"
user_0164,user,New York,40.7128,-74.006,Windows11-4E:8E:2A:9E:28:68,token,9,21,3.254526596558791,1048.9520800809225,"[""resource_019"", ""resource_033"", ""resource_041"", ""resource_046"", ""resource_050"", ""resource_060""]"
user_0165,user,Dubai,25.2048,55.2708,Ubuntu22-3B:E8:1C:9E:59:3D,password,6,18,1.7155319959787234,1326.7989835313192,"[""resource_005"", ""resource_016"", ""resource_020"", ""resource_028"", ""resource_042"", ""resource_044"", ""resource_045"", ""resource_047""]"
service_account_0166,service_account,Mumbai,19.076,72.8777,macOS14-40:89:3C:0F:AB:DB,certificate,0,23,4.8147287306840765,1028.6438225468441,"[""resource_023"", ""resource_034"", ""resource_047"", ""resource_051"", ""resource_053"", ""resource_059""]"
user_0167,user,Toronto,43.6532,-79.3832,FirmwareV3-34:3B:74:01:16:06,token,7,20,1.8932749527528152,254.49007842137382,"[""resource_004"", ""resource_005"", ""resource_024"", ""resource_030"", ""resource_032"", ""resource_033"", ""resource_037"", ""resource_059""]"
user_0168,user,Mumbai,19.076,72.8777,Windows10-D5:A3:8A:27:BE:3D,password,11,21,2.061288284543939,470.53784744113517,"[""resource_003"", ""resource_036"", ""resource_055"", ""resource_060""]"
edge_device_0169,edge_device,New York,40.7128,-74.006,macOS14-2C:E9:04:BC:66:95,certificate,0,23,13.44846504261328,1378.1130985081372,"[""resource_005"", ""resource_019"", ""resource_030"", ""resource_050"", ""resource_056"", ""resource_057""]"
user_0170,user,Tokyo,35.6762,139.6503,Ubuntu22-0C:77:B1:04:AB:00,biometric,7,17,1.5159447068795102,1555.3897002018532,"[""resource_013"", ""resource_032"", ""resource_035"", ""resource_047"", ""resource_049"", ""resource_050"", ""resource_059""]"
service_account_0171,service_account,London,51.5074,-0.1278,Windows10-8F:2F:16:76:D3:BE,biometric,0,23,9.72829542621423,1758.7787600725667,"[""resource_016"", ""resource_027"", ""resource_032"", ""resource_034""]"
user_0172,user,London,51.5074,-0.1278,Windows10-79:95:85:A1:C9:A7,certificate,6,21,3.1561098203848728,913.4677207512296,"[""resource_005"", ""resource_009"", ""resource_026"", ""resource_037"", ""resource_038"", ""resource_041"", ""resource_053""]"
user_0173,user,Singapore,1.3521,103.8198,macOS14-D0:3D:B7:6A:E7:9D,biometric,6,17,2.623916869350804,609.3128416018274,"[""resource_007"", ""resource_010"", ""resource_038"", ""resource_050""]"
user_0174,user,Mumbai,19.076,72.8777,macOS14-CA:19:99:85:59:0F,biometric,7,16,3.277893495712779,1564.4541134876451,"[""resource_003"", ""resource_014"", ""resource_020"", ""resource_021"", ""resource_039"", ""resource_045"", ""resource_046"", ""resource_053""]"
user_0175,user,Cape Town,-33.9249,18.4241,FirmwareV3-71:42:65:CD:BE:2B,certificate,7,16,1.5298923079235325,1666.23430204876,"[""resource_007"", ""resource_030"", ""resource_051"", ""resource_052""]"
user_0176,user,London,51.5074,-0.1278,FirmwareV3-A9:3E:15:EC:19:56,biometric,7,16,3.7626949259503824,1511.1303504822997,"[""resource_029"", ""resource_042"", ""resource_052"", ""resource_058""]"
user_0177,user,New York,40.7128,-74.006,Windows10-11:7D:97:FF:D2:F5,password,8,19,2.6150285766166412,322.1089127155921,"[""resource_012"", ""resource_014"", ""resource_023"", ""resource_028"", ""resource_044"", ""resource_058""]"
user_0178,user,Frankfurt,50.1109,8.6821,FirmwareV3-B7:F5:F8:B0:A4:C6,certificate,7,15,3.973509039403835,471.3017153905481,"[""resource_034"", ""resource_042"", ""resource_052"", ""resource_057""]"
user_0179,user,Singapore,1.3521,103.8198,Ubuntu22-B7:77:51:33:7E:7B,certificate,8,15,3.521634708932253,1044.5770946322527,"[""resource_050"", ""resource_052"", ""resource_058""]"
service_account_0180,service_account,Bengaluru,12.9716,77.5946,FirmwareV3-C6:B5:58:5A:79:A2,certificate,0,23,8.925535633255933,1660.6476066882256,"[""resource_015"", ""resource_037"", ""resource_049""]"
user_0181,user,Bengaluru,12.9716,77.5946,Windows11-2E:1C:77:70:0A:F4,password,9,19,1.938891919151627,717.4090695902096,"[""resource_010"", ""resource_013"", ""resource_037"", ""resource_052"", ""resource_054""]"
user_0182,user,Mumbai,19.076,72.8777,iOS17-48:38:BA:25:BF:CA,password,8,15,1.5547822406089307,725.2289352481032,"[""resource_012"", ""resource_046"", ""resource_052"", ""resource_055"", ""resource_059""]"
user_0183,user,Mumbai,19.076,72.8777,iOS17-59:C1:9D:96:41:5A,password,10,20,2.058093034951606,1717.036728838486,"[""resource_012"", ""resource_021"", ""resource_028"", ""resource_032"", ""resource_041"", ""resource_042"", ""resource_046"", ""resource_051""]"
edge_device_0184,edge_device,Frankfurt,50.1109,8.6821,Windows11-FE:48:A9:27:79:B1,certificate,0,23,11.396467727836239,451.9776151375663,"[""resource_003"", ""resource_012"", ""resource_015"", ""resource_021"", ""resource_039"", ""resource_040"", ""resource_052""]"
edge_device_0185,edge_device,London,51.5074,-0.1278,Android14-22:B3:83:37:00:18,biometric,0,23,7.096842844004993,889.9166289477563,"[""resource_001"", ""resource_017"", ""resource_022"", ""resource_029"", ""resource_041"", ""resource_043"", ""resource_047"", ""resource_057""]"
user_0186,user,Mumbai,19.076,72.8777,iOS17-73:53:E7:25:11:96,password,6,22,3.4718249861905486,696.3213908897852,"[""resource_023"", ""resource_025"", ""resource_032"", ""resource_035"", ""resource_057"", ""resource_058""]"
edge_device_0187,edge_device,London,51.5074,-0.1278,Windows11-AD:F7:0F:DC:54:DE,token,0,23,10.470462586122315,266.76030311016467,"[""resource_005"", ""resource_011"", ""resource_025"", ""resource_047"", ""resource_057""]"
user_0188,user,Singapore,1.3521,103.8198,Windows11-19:C9:FB:4E:1B:B8,password,11,19,2.2435016192039154,872.7216510620559,"[""resource_017"", ""resource_035"", ""resource_036"", ""resource_045"", ""resource_047"", ""resource_058""]"
user_0189,user,Dubai,25.2048,55.2708,Windows11-9D:CB:F1:FA:87:2E,biometric,8,16,2.683926627855172,479.50757727811657,"[""resource_002"", ""resource_007"", ""resource_011"", ""resource_013"", ""resource_014"", ""resource_031"", ""resource_039"", ""resource_041""]"
edge_device_0190,edge_device,Tokyo,35.6762,139.6503,FirmwareV3-89:1F:4D:31:2B:B0,biometric,0,23,7.634008096623591,1752.5429702211927,"[""resource_003"", ""resource_017"", ""resource_029"", ""resource_030""]"
user_0191,user,Cape Town,-33.9249,18.4241,Android14-F3:78:F3:99:28:CA,password,10,21,3.914069260200754,993.4043819112798,"[""resource_025"", ""resource_053"", ""resource_054""]"
edge_device_0192,edge_device,Toronto,43.6532,-79.3832,Windows10-15:D8:28:DE:67:4B,certificate,0,23,13.084607213193632,697.9941717945283,"[""resource_008"", ""resource_010"", ""resource_011"", ""resource_012"", ""resource_014"", ""resource_029"", ""resource_040"", ""resource_049""]"
service_account_0193,service_account,London,51.5074,-0.1278,FirmwareV3-8D:EA:06:D6:39:D4,token,0,23,6.864379341027793,420.08358089538024,"[""resource_025"", ""resource_026"", ""resource_036""]"
user_0194,user,London,51.5074,-0.1278,macOS14-C4:F8:F2:13:58:8D,biometric,8,20,3.694733906740137,413.0413264152114,"[""resource_007"", ""resource_037"", ""resource_050""]"
user_0195,user,Bengaluru,12.9716,77.5946,macOS14-BE:0A:AC:9B:9F:8F,biometric,7,15,3.3643745495978403,1570.3403488383904,"[""resource_003"", ""resource_022"", ""resource_026"", ""resource_045"", ""resource_057"", ""resource_058""]"
service_account_0196,service_account,Singapore,1.3521,103.8198,macOS14-D5:2D:60:E2:6C:D0,biometric,0,23,8.780763322458254,1410.3791382665358,"[""resource_020"", ""resource_029"", ""resource_048"", ""resource_050""]"
edge_device_0197,edge_device,New York,40.7128,-74.006,FirmwareV3-0E:58:62:66:1D:7F,password,0,23,6.356498210170598,919.4468407474906,"[""resource_005"", ""resource_011"", ""resource_020"", ""resource_026"", ""resource_033"", ""resource_046"", ""resource_051""]"
edge_device_0198,edge_device,Bengaluru,12.9716,77.5946,Android14-3F:0F:7B:BE:FA:E4,token,0,23,10.051263749371639,1736.043012814066,"[""resource_018"", ""resource_024"", ""resource_030"", ""resource_053""]"
user_0199,user,Cape Town,-33.9249,18.4241,Ubuntu22-19:53:6D:71:73:69,certificate,11,16,2.212673441086905,1235.571479226661,"[""resource_011"", ""resource_017"", ""resource_023"", ""resource_054"", ""resource_058""]"
user_0200,user,Dubai,25.2048,55.2708,Windows11-72:81:9C:8C:D8:C0,certificate,11,17,3.0028548762363343,923.5767906027876,"[""resource_009"", ""resource_031"", ""resource_059""]"
user_0201,user,Sydney,-33.8688,151.2093,iOS17-90:98:37:F6:20:AC,certificate,11,20,2.903642793136502,1217.7634878957424,"[""resource_001"", ""resource_007"", ""resource_026"", ""resource_033"", ""resource_034"", ""resource_038"", ""resource_040"", ""resource_053""]"
edge_device_0202,edge_device,Sydney,-33.8688,151.2093,Windows11-CE:A3:47:0D:FE:97,certificate,0,23,7.4030207767849445,1649.1967312848299,"[""resource_010"", ""resource_013"", ""resource_020"", ""resource_034"", ""resource_042"", ""resource_046"", ""resource_049"", ""resource_058""]"
user_0203,user,Bengaluru,12.9716,77.5946,Windows10-F3:B7:99:57:5C:96,password,7,20,3.3163746914522587,942.6650138740948,"[""resource_037"", ""resource_038"", ""resource_046""]"
service_account_0204,service_account,Bengaluru,12.9716,77.5946,Windows10-9D:D7:A9:BE:85:96,biometric,0,23,4.555774580590306,1558.9664989024845,"[""resource_006"", ""resource_012"", ""resource_022"", ""resource_042"", ""resource_044"", ""resource_049"", ""resource_059""]"
user_0205,user,Dubai,25.2048,55.2708,Ubuntu22-1B:4D:46:66:AF:D1,biometric,11,21,2.8245962615749938,412.02312672541433,"[""resource_005"", ""resource_008"", ""resource_013"", ""resource_031"", ""resource_033"", ""resource_038"", ""resource_040""]"
edge_device_0206,edge_device,Mumbai,19.076,72.8777,macOS14-1D:02:E7:8C:6B:56,token,0,23,14.866403726996799,973.1148868206266,"[""resource_022"", ""resource_032"", ""resource_041""]"
service_account_0207,service_account,London,51.5074,-0.1278,Ubuntu22-C4:02:13:66:BF:07,certificate,0,23,6.003178140202871,1406.093335522938,"[""resource_026"", ""resource_028"", ""resource_040"", ""resource_041""]"
user_0208,user,New York,40.7128,-74.006,iOS17-9C:55:21:17:98:94,biometric,7,16,2.4588761907692342,1359.0876965438367,"[""resource_001"", ""resource_015"", ""resource_016"", ""resource_020"", ""resource_023"", ""resource_041"", ""resource_045"", ""resource_047""]"
user_0209,user,Tokyo,35.6762,139.6503,FirmwareV3-CE:09:74:72:43:6C,password,7,17,3.870210884267357,1135.3023923747714,"[""resource_009"", ""resource_022"", ""resource_023"", ""resource_032"", ""resource_044"", ""resource_057""]"
user_0210,user,Tokyo,35.6762,139.6503,Windows11-37:0A:18:3B:D5:E3,biometric,10,15,2.984810169687126,380.22400205282463,"[""resource_003"", ""resource_017"", ""resource_025"", ""resource_035"", ""resource_041"", ""resource_042"", ""resource_050"", ""resource_051""]"
user_0211,user,Bengaluru,12.9716,77.5946,Windows11-8A:46:D6:35:3C:90,password,6,19,2.552178641067158,1451.3113071929454,"[""resource_014"", ""resource_041"", ""resource_044"", ""resource_045""]"
user_0212,user,Toronto,43.6532,-79.3832,macOS14-52:14:FE:6A:F6:A9,token,7,20,3.258591875615646,184.43555847297617,"[""resource_017"", ""resource_034"", ""resource_050"", ""resource_054""]"
service_account_0213,service_account,London,51.5074,-0.1278,Windows11-83:76:E9:97:87:ED,password,0,23,8.064945318289352,341.6904423933403,"[""resource_005"", ""resource_006"", ""resource_010"", ""resource_032"", ""resource_033"", ""resource_043"", ""resource_050""]"
user_0214,user,New York,40.7128,-74.006,FirmwareV3-17:04:46:57:A8:B7,biometric,11,16,1.7374961758264507,1727.244433517213,"[""resource_021"", ""resource_024"", ""resource_028"", ""resource_044"", ""resource_052""]"
user_0215,user,Bengaluru,12.9716,77.5946,Ubuntu22-8B:C5:F4:D7:55:39,token,7,16,2.501943785701882,1307.7951951085477,"[""resource_022"", ""resource_024"", ""resource_053""]"
user_0216,user,Mumbai,19.076,72.8777,Ubuntu22-B7:0E:42:F7:F9:39,biometric,9,22,1.9531514013432552,893.9143660252926,"[""resource_027"", ""resource_038"", ""resource_059""]"
user_0217,user,Dubai,25.2048,55.2708,Android14-AD:30:DD:7F:F6:B1,biometric,11,18,3.944738893876996,420.82021265650894,"[""resource_001"", ""resource_034"", ""resource_044"", ""resource_046"", ""resource_056""]"
edge_device_0218,edge_device,Toronto,43.6532,-79.3832,FirmwareV3-F0:FD:54:26:FB:A4,token,0,23,6.569273733017412,716.0496448847277,"[""resource_001"", ""resource_042"", ""resource_060""]"
user_0219,user,Cape Town,-33.9249,18.4241,FirmwareV3-E5:2D:FF:E4:A1:3C,biometric,7,16,2.647736486870588,1387.2871227448006,"[""resource_025"", ""resource_026"", ""resource_036"", ""resource_042""]"
user_0220,user,Frankfurt,50.1109,8.6821,iOS17-69:E9:AE:BA:1B:72,biometric,10,19,3.725277247062656,717.7956533986654,"[""resource_001"", ""resource_003"", ""resource_006"", ""resource_036"", ""resource_053"", ""resource_059""]"
service_account_0221,service_account,Toronto,43.6532,-79.3832,Android14-71:01:AE:B5:95:BF,password,0,23,3.6820591562631697,254.16053796515553,"[""resource_008"", ""resource_024"", ""resource_029"", ""resource_043"", ""resource_046"", ""resource_060""]"
user_0222,user,Mumbai,19.076,72.8777,FirmwareV3-61:AD:37:D4:17:3F,biometric,6,21,2.038973760922365,920.9683606527733,"[""resource_007"", ""resource_013"", ""resource_017"", ""resource_027"", ""resource_040"", ""resource_047"", ""resource_048"", ""resource_054""]"
user_0223,user,Cape Town,-33.9249,18.4241,Ubuntu22-5A:58:41:35:C6:A4,biometric,6,21,3.597040276697291,858.2368882506432,"[""resource_001"", ""resource_032"", ""resource_034"", ""resource_048""]"
user_0224,user,Bengaluru,12.9716,77.5946,iOS17-99:A0:6F:66:6B:94,certificate,9,17,1.845450014113364,1672.3306583556937,"[""resource_018"", ""resource_019"", ""resource_022"", ""resource_026""]"
user_0225,user,Bengaluru,12.9716,77.5946,Android14-D5:92:D8:06:36:0C,biometric,8,22,2.957015677739646,415.42927284512876,"[""resource_008"", ""resource_012"", ""resource_021"", ""resource_033"", ""resource_035"", ""resource_041"", ""resource_045"", ""resource_046""]"
service_account_0226,service_account,Singapore,1.3521,103.8198,FirmwareV3-1F:97:68:10:B7:E7,password,0,23,4.753927052207281,1178.0963106916643,"[""resource_011"", ""resource_019"", ""resource_044"", ""resource_049"", ""resource_051""]"
service_account_0227,service_account,Cape Town,-33.9249,18.4241,FirmwareV3-93:18:C3:C6:D5:A0,password,0,23,4.663168307963431,201.00368503291406,"[""resource_025"", ""resource_036"", ""resource_042"", ""resource_048""]"
user_0228,user,Toronto,43.6532,-79.3832,Windows10-96:E5:5A:26:5F:58,password,8,18,3.4403668628058304,791.0611278252859,"[""resource_015"", ""resource_041"", ""resource_042"", ""resource_046"", ""resource_054"", ""resource_057""]"
user_0229,user,Cape Town,-33.9249,18.4241,Windows10-14:4E:A5:1A:9A:FB,certificate,6,20,2.6658283455239475,298.06688867606914,"[""resource_009"", ""resource_011"", ""resource_017"", ""resource_038"", ""resource_055""]"
service_account_0230,service_account,Cape Town,-33.9249,18.4241,Ubuntu22-CE:2F:B2:71:6D:A9,certificate,0,23,6.535982453194212,764.4924759536269,"[""resource_005"", ""resource_012"", ""resource_034"", ""resource_051""]"
user_0231,user,Toronto,43.6532,-79.3832,Android14-7C:14:A4:C3:3A:C5,certificate,11,20,2.614168115711731,1055.1844469669495,"[""resource_001"", ""resource_008"", ""resource_031"", ""resource_036"", ""resource_042"", ""resource_049"", ""resource_053""]"
user_0232,user,Cape Town,-33.9249,18.4241,Windows11-31:55:03:21:6B:6D,biometric,8,18,2.3007818928713855,1533.777425947498,"[""resource_003"", ""resource_029"", ""resource_032"", ""resource_033"", ""resource_052""]"
user_0233,user,Bengaluru,12.9716,77.5946,Windows11-2C:25:1B:5B:80:24,token,6,22,3.2921707095897825,1655.798250578416,"[""resource_005"", ""resource_010"", ""resource_028"", ""resource_042"", ""resource_044"", ""resource_048"", ""resource_050"", ""resource_053""]"
user_0234,user,Sao Paulo,-23.5505,-46.6333,iOS17-17:25:B7:36:94:9A,password,6,16,3.3899014917379438,636.0582597534675,"[""resource_002"", ""resource_008"", ""resource_021"", ""resource_025"", ""resource_026"", ""resource_028"", ""resource_035"", ""resource_044""]"
edge_device_0235,edge_device,Frankfurt,50.1109,8.6821,Android14-C8:97:49:98:BF:05,token,0,23,7.198657254605103,379.6409574722684,"[""resource_002"", ""resource_011"", ""resource_031"", ""resource_035"", ""resource_043"", ""resource_053""]"
user_0236,user,Toronto,43.6532,-79.3832,Android14-48:52:5E:71:81:63,password,11,20,2.0293423573049623,473.7999353333131,"[""resource_006"", ""resource_014"", ""resource_020"", ""resource_035"", ""resource_036"", ""resource_048""]"
service_account_0237,service_account,New York,40.7128,-74.006,Windows10-F9:A9:B6:41:78:33,certificate,0,23,4.754813303704685,1183.6155589900195,"[""resource_005"", ""resource_019"", ""resource_030"", ""resource_036"", ""resource_042"", ""resource_043"", ""resource_057""]"
edge_device_0238,edge_device,Tokyo,35.6762,139.6503,iOS17-BA:A1:DB:56:02:A0,token,0,23,10.841699328451973,1452.7693815445277,"[""resource_020"", ""resource_022"", ""resource_029"", ""resource_040"", ""resource_043"", ""resource_045""]"
service_account_0239,service_account,Dubai,25.2048,55.2708,Ubuntu22-EC:E4:B7:9C:F9:37,token,0,23,5.320940652081376,1225.7935986126722,"[""resource_009"", ""resource_018"", ""resource_024"", ""resource_044"", ""resource_047"", ""resource_054""]"
user_0240,user,Sydney,-33.8688,151.2093,Windows11-0F:CF:6C:12:85:F1,token,11,16,3.318563418004661,772.6261807668754,"[""resource_013"", ""resource_017"", ""resource_035"", ""resource_058""]"
user_0241,user,Toronto,43.6532,-79.3832,FirmwareV3-54:47:E4:51:5B:4A,biometric,8,15,3.1566962234467417,1701.463918397194,"[""resource_006"", ""resource_009"", ""resource_019"", ""resource_026"", ""resource_030"", ""resource_033"", ""resource_055"", ""resource_056""]"
user_0242,user,Sao Paulo,-23.5505,-46.6333,FirmwareV3-B8:C6:F0:E8:17:14,certificate,6,18,2.7947130744853257,347.2245208922976,"[""resource_005"", ""resource_015"", ""resource_017"", ""resource_024""]"
edge_device_0243,edge_device,Dubai,25.2048,55.2708,Ubuntu22-C1:BB:27:80:C0:72,biometric,0,23,10.701601518232362,751.6947725707556,"[""resource_017"", ""resource_035"", ""resource_038"", ""resource_048"", ""resource_054""]"
edge_device_0244,edge_device,Sao Paulo,-23.5505,-46.6333,Windows11-8F:6C:4C:5F:50:B9,password,0,23,6.6560582242899216,1250.997621515103,"[""resource_001"", ""resource_009"", ""resource_029"", ""resource_033"", ""resource_039"", ""resource_057""]"
user_0245,user,Tokyo,35.6762,139.6503,Windows11-41:52:44:14:4B:1C,token,11,21,1.5561150953857283,598.3806265470678,"[""resource_008"", ""resource_011"", ""resource_014"", ""resource_031"", ""resource_038"", ""resource_044"", ""resource_057"", ""resource_059""]"
user_0246,user,Frankfurt,50.1109,8.6821,iOS17-F1:F6:57:70:D2:49,token,8,16,2.0414835447297124,1189.6030170368476,"[""resource_002"", ""resource_037"", ""resource_041"", ""resource_043"", ""resource_047"", ""resource_056"", ""resource_057""]"
user_0247,user,Mumbai,19.076,72.8777,Windows10-D6:4C:31:5A:F3:13,password,9,17,1.7714252847537888,330.96774459801844,"[""resource_005"", ""resource_015"", ""resource_022"", ""resource_025"", ""resource_030"", ""resource_038"", ""resource_039"", ""resource_044""]"
service_account_0248,service_account,Toronto,43.6532,-79.3832,macOS14-16:DB:75:F6:C3:B3,password,0,23,6.654309607630879,869.2928229040699,"[""resource_001"", ""resource_028"", ""resource_042"", ""resource_044"", ""resource_050"", ""resource_053"", ""resource_058""]"
user_0249,user,Singapore,1.3521,103.8198,Windows11-03:3C:03:C0:69:A1,biometric,10,21,2.1445124408047835,766.8770594348371,"[""resource_019"", ""resource_039"", ""resource_057""]"
user_0250,user,Dubai,25.2048,55.2708,Ubuntu22-68:D3:F7:5B:BD:F7,certificate,10,19,3.9794966854267884,1781.3833877204208,"[""resource_017"", ""resource_024"", ""resource_028"", ""resource_035"", ""resource_037"", ""resource_055"", ""resource_060""]"
user_0251,user,Bengaluru,12.9716,77.5946,Android14-52:33:6D:CD:AD:1A,token,11,18,2.616487193538048,810.3479625478669,"[""resource_008"", ""resource_009"", ""resource_043"", ""resource_048"", ""resource_055"", ""resource_056""]"
user_0252,user,London,51.5074,-0.1278,macOS14-28:13:C4:CD:92:1D,token,6,16,2.157729994911146,1217.271929538822,"[""resource_028"", ""resource_031"", ""resource_039"", ""resource_060""]"
user_0253,user,Singapore,1.3521,103.8198,Android14-12:B8:7A:00:50:2C,certificate,10,18,3.037974964258874,1443.070063941796,"[""resource_003"", ""resource_013"", ""resource_019"", ""resource_034"", ""resource_039"", ""resource_051"", ""resource_052"", ""resource_060""]"
user_0254,user,Frankfurt,50.1109,8.6821,Android14-B2:B1:8D:73:63:E8,biometric,6,16,2.87398163386609,1111.3488892282198,"[""resource_001"", ""resource_013"", ""resource_034"", ""resource_038"", ""resource_046"", ""resource_048""]"
user_0255,user,Frankfurt,50.1109,8.6821,FirmwareV3-80:E2:C1:F7:7C:AD,biometric,10,19,3.6902826156076673,1284.1833706674508,"[""resource_005"", ""resource_007"", ""resource_008"", ""resource_019"", ""resource_022"", ""resource_033"", ""resource_036""]"
edge_device_0256,edge_device,New York,40.7128,-74.006,Android14-75:A1:D3:B4:04:86,token,0,23,14.941980333654755,645.4091242751126,"[""resource_005"", ""resource_008"", ""resource_017"", ""resource_025"", ""resource_041"", ""resource_051""]"
user_0257,user,Bengaluru,12.9716,77.5946,iOS17-89:5D:61:FF:66:78,token,8,20,2.0464153344615594,1593.8428474214427,"[""resource_005"", ""resource_012"", ""resource_031"", ""resource_036"", ""resource_060""]"
user_0258,user,Singapore,1.3521,103.8198,Android14-FC:03:15:F6:BE:A1,biometric,6,16,3.800470323832474,1634.9563446364205,"[""resource_010"", ""resource_023"", ""resource_040"", ""resource_054""]"
edge_device_0259,edge_device,Toronto,43.6532,-79.3832,Windows10-41:1B:D8:F4:10:B1,biometric,0,23,7.8026662318318705,1573.8482114066824,"[""resource_012"", ""resource_032"", ""resource_033"", ""resource_049"", ""resource_059""]"
service_account_0260,service_account,Sao Paulo,-23.5505,-46.6333,Windows11-06:6B:C2:33:A6:B9,certificate,0,23,5.209558858159735,483.18695596361675,"[""resource_030"", ""resource_034"", ""resource_045""]"
user_0261,user,Sydney,-33.8688,151.2093,macOS14-BA:CD:8F:E6:5C:43,token,7,21,3.251781567040752,1498.9888759090675,"[""resource_012"", ""resource_022"", ""resource_024"", ""resource_028"", ""resource_032"", ""resource_040""]"
service_account_0262,service_account,Singapore,1.3521,103.8198,FirmwareV3-04:5A:D7:FF:44:A1,biometric,0,23,4.04683640085838,666.0553750885869,"[""resource_010"", ""resource_013"", ""resource_025"", ""resource_028"", ""resource_048"", ""resource_052"", ""resource_055""]"
user_0263,user,Toronto,43.6532,-79.3832,macOS14-F3:31:E6:AB:85:B8,certificate,7,15,2.0386683123897402,1087.7670563991085,"[""resource_007"", ""resource_026"", ""resource_045""]"
edge_device_0264,edge_device,Sydney,-33.8688,151.2093,iOS17-65:59:91:B5:A6:F9,biometric,0,23,11.79585851454113,1621.2045676039172,"[""resource_002"", ""resource_008"", ""resource_023"", ""resource_027"", ""resource_056""]"
user_0265,user,Sydney,-33.8688,151.2093,iOS17-CF:24:28:52:AF:74,certificate,8,21,3.0781835208145925,693.3427515468092,"[""resource_010"", ""resource_011"", ""resource_041"", ""resource_052"", ""resource_056"", ""resource_060""]"
user_0266,user,Sydney,-33.8688,151.2093,Windows10-0B:40:78:80:28:6B,token,11,22,2.534972652184183,823.2138449465863,"[""resource_018"", ""resource_024"", ""resource_026"", ""resource_029"", ""resource_042"", ""resource_050"", ""resource_057""]"
user_0267,user,Sao Paulo,-23.5505,-46.6333,Windows11-C7:9E:75:7E:91:E2,token,6,19,3.045255429209664,392.6689192155195,"[""resource_002"", ""resource_004"", ""resource_006"", ""resource_026"", ""resource_034"", ""resource_049"", ""resource_050""]"
edge_device_0268,edge_device,New York,40.7128,-74.006,FirmwareV3-F3:EF:8B:E3:45:5A,biometric,0,23,14.152723873049117,1202.2969866785165,"[""resource_023"", ""resource_043"", ""resource_056""]"
user_0269,user,Toronto,43.6532,-79.3832,Ubuntu22-9D:BB:D3:85:4F:9B,password,9,18,3.5117694156161328,180.14960115978346,"[""resource_020"", ""resource_023"", ""resource_034"", ""resource_035"", ""resource_041"", ""resource_059""]"
edge_device_0270,edge_device,Mumbai,19.076,72.8777,FirmwareV3-F4:99:04:DC:95:76,password,0,23,14.22088395744053,1068.1037570931246,"[""resource_001"", ""resource_019"", ""resource_031"", ""resource_035"", ""resource_045""]"
user_0271,user,Cape Town,-33.9249,18.4241,Windows11-D8:7A:8B:91:89:D3,token,9,21,2.0514810655821165,1562.6408778943985,"[""resource_011"", ""resource_016"", ""resource_026"", ""resource_042"", ""resource_046"", ""resource_048""]"
user_0272,user,Sydney,-33.8688,151.2093,Ubuntu22-60:A4:09:4D:19:0B,token,9,19,3.2511814948684306,1755.1788200861442,"[""resource_030"", ""resource_040"", ""resource_041""]"
user_0273,user,Mumbai,19.076,72.8777,FirmwareV3-FF:BE:ED:10:A9:29,token,7,20,2.5506075678686924,270.78211793106635,"[""resource_001"", ""resource_006"", ""resource_010"", ""resource_015"", ""resource_029"", ""resource_032"", ""resource_047"", ""resource_058""]"
service_account_0274,service_account,London,51.5074,-0.1278,Windows11-7F:C5:E2:7E:11:65,biometric,0,23,8.79776433176032,1371.2229023055245,"[""resource_012"", ""resource_013"", ""resource_017"", ""resource_025"", ""resource_031"", ""resource_053"", ""resource_054""]"
user_0275,user,Dubai,25.2048,55.2708,Windows11-3E:81:F6:98:65:B8,password,8,17,3.0729106353267484,1579.1254185143525,"[""resource_020"", ""resource_025"", ""resource_031"", ""resource_044""]"
user_0276,user,London,51.5074,-0.1278,Ubuntu22-7C:04:15:F3:4F:BE,password,7,19,2.961742150031954,582.9300553759299,"[""resource_001"", ""resource_021"", ""resource_028"", ""resource_041""]"
user_0277,user,Dubai,25.2048,55.2708,Windows10-A2:B1:E0:62:0A:C1,certificate,7,16,1.814568644163066,1353.526635753111,"[""resource_004"", ""resource_022"", ""resource_023"", ""resource_041"", ""resource_042"", ""resource_049"", ""resource_057""]"
user_0278,user,New York,40.7128,-74.006,iOS17-B2:A5:EF:8C:52:23,token,9,18,2.916754334915927,908.0024036689825,"[""resource_019"", ""resource_029"", ""resource_035"", ""resource_036"", ""resource_045"", ""resource_046""]"
edge_device_0279,edge_device,Cape Town,-33.9249,18.4241,Windows10-09:BA:7A:A4:20:C6,token,0,23,8.790435696665774,1028.9930254729327,"[""resource_001"", ""resource_030"", ""resource_033"", ""resource_041"", ""resource_050""]"
user_0280,user,Cape Town,-33.9249,18.4241,iOS17-22:16:42:5B:10:67,password,11,20,1.7761603350985102,966.2998653234464,"[""resource_019"", ""resource_021"", ""resource_027"", ""resource_040""]"
user_0281,user,Toronto,43.6532,-79.3832,iOS17-24:06:6A:FB:28:EF,password,8,15,2.4158850502357403,764.7002028226271,"[""resource_025"", ""resource_032"", ""resource_034"", ""resource_038"", ""resource_040"", ""resource_043"", ""resource_045"", ""resource_054""]"
service_account_0282,service_account,Frankfurt,50.1109,8.6821,Windows11-24:9B:27:6E:31:33,token,0,23,4.860709441476656,1041.2909032720054,"[""resource_004"", ""resource_040"", ""resource_046"", ""resource_051"", ""resource_053""]"
user_0283,user,Cape Town,-33.9249,18.4241,iOS17-B7:EA:DA:35:55:5C,biometric,11,16,3.415708550040131,997.6023044196579,"[""resource_012"", ""resource_016"", ""resource_027"", ""resource_036"", ""resource_037"", ""resource_041"", ""resource_048"", ""resource_056""]"
service_account_0284,service_account,Cape Town,-33.9249,18.4241,Android14-DC:A5:7B:6D:C0:82,certificate,0,23,5.886403041700203,1737.8758765227617,"[""resource_021"", ""resource_023"", ""resource_024"", ""resource_029"", ""resource_036"", ""resource_057"", ""resource_058""]"
user_0285,user,Frankfurt,50.1109,8.6821,macOS14-03:99:71:6D:A1:0B,certificate,10,15,2.794023397100823,1668.9615744123928,"[""resource_003"", ""resource_019"", ""resource_047""]"
user_0286,user,Toronto,43.6532,-79.3832,Windows10-77:83:99:2F:CC:6F,password,8,20,3.7240633812203203,1352.2004533261143,"[""resource_003"", ""resource_007"", ""resource_009"", ""resource_010"", ""resource_023"", ""resource_030"", ""resource_060""]"
service_account_0287,service_account,Mumbai,19.076,72.8777,iOS17-99:13:C3:28:1C:AB,certificate,0,23,9.35358949502966,1605.2638542932984,"[""resource_037"", ""resource_045"", ""resource_053"", ""resource_058"", ""resource_059"", ""resource_060""]"
user_0288,user,London,51.5074,-0.1278,iOS17-15:A3:4C:A7:71:4E,password,6,21,1.6353198719170576,1271.2890926387702,"[""resource_039"", ""resource_042"", ""resource_048"", ""resource_055""]"
edge_device_0289,edge_device,Sao Paulo,-23.5505,-46.6333,Windows10-AC:2A:F3:19:CC:86,password,0,23,8.94322403878066,825.613800532769,"[""resource_006"", ""resource_015"", ""resource_019"", ""resource_028"", ""resource_033"", ""resource_037"", ""resource_051""]"
user_0290,user,Bengaluru,12.9716,77.5946,iOS17-64:7E:7C:24:88:DC,certificate,7,22,2.4882970089511653,1289.2755152069305,"[""resource_009"", ""resource_031"", ""resource_036"", ""resource_049""]"
user_0291,user,London,51.5074,-0.1278,Windows10-B3:E2:4A:E1:16:77,token,11,15,3.4242032301578456,1290.2819484888737,"[""resource_013"", ""resource_021"", ""resource_023"", ""resource_024"", ""resource_027"", ""resource_028"", ""resource_039"", ""resource_057""]"
user_0292,user,Bengaluru,12.9716,77.5946,FirmwareV3-93:07:AF:38:9C:E6,biometric,7,17,3.6718808791124213,216.85194654494725,"[""resource_004"", ""resource_008"", ""resource_048""]"
user_0293,user,Cape Town,-33.9249,18.4241,Windows10-09:C0:16:82:57:1E,certificate,8,22,3.0576049821437072,505.1276123410862,"[""resource_014"", ""resource_034"", ""resource_035"", ""resource_049""]"
service_account_0294,service_account,Sydney,-33.8688,151.2093,Android14-8A:B8:37:09:95:C5,token,0,23,3.4661845469513235,1767.2644187266822,"[""resource_001"", ""resource_030"", ""resource_042""]"
user_0295,user,Bengaluru,12.9716,77.5946,iOS17-EA:0B:14:7E:9C:AA,biometric,10,16,1.9660434685437975,817.307704880185,"[""resource_021"", ""resource_032"", ""resource_058""]"
user_0296,user,Tokyo,35.6762,139.6503,FirmwareV3-0F:8F:73:4D:AE:C9,token,6,19,3.696693185477901,322.2279277624283,"[""resource_016"", ""resource_018"", ""resource_020"", ""resource_023"", ""resource_033"", ""resource_041"", ""resource_052"", ""resource_060""]"
user_0297,user,Dubai,25.2048,55.2708,iOS17-A8:E5:43:69:46:67,token,7,21,3.9263429327380424,680.5774017827359,"[""resource_015"", ""resource_016"", ""resource_027"", ""resource_037"", ""resource_041"", ""resource_044"", ""resource_056""]"
service_account_0298,service_account,Cape Town,-33.9249,18.4241,iOS17-50:A2:22:3C:5E:A2,token,0,23,7.593622271204066,1357.8688438815102,"[""resource_010"", ""resource_028"", ""resource_050"", ""resource_059""]"
service_account_0299,service_account,Frankfurt,50.1109,8.6821,FirmwareV3-60:36:43:5E:0D:88,token,0,23,4.916573152420665,1146.1043220470524,"[""resource_020"", ""resource_029"", ""resource_041"", ""resource_048"", ""resource_053"", ""resource_058""]"
